{
  "phase": "base",
  "dataset": "both",
  "accuracy": 0.10270612438677006,
  "pass_at_k": 0.17708498180091786,
  "k": 4,
  "format_success": 0.1622092103180883,
  "avg_output_length": 149.99762620667826,
  "correct": 649,
  "total": 6319,
  "reward_type": "binary",
  "avg_reward": 0.10270612438677006,
  "runtime_seconds": 11276.6
}