{
  "phase": "sft",
  "dataset": "both",
  "accuracy": 0.22946668776705176,
  "pass_at_k": 0.32505143218863747,
  "k": 4,
  "format_success": 0.7947460041145751,
  "avg_output_length": 113.43551194809305,
  "correct": 1450,
  "total": 6319,
  "reward_type": "binary",
  "avg_reward": 0.22946668776705176,
  "runtime_seconds": 17886.9
}