{
  "base": {
    "phase": "base",
    "dataset": "both",
    "accuracy": 0.10270612438677006,
    "pass_at_k": 0.17708498180091786,
    "k": 4,
    "format_success": 0.1622092103180883,
    "avg_output_length": 149.99762620667826,
    "correct": 649,
    "total": 6319,
    "reward_type": "binary",
    "avg_reward": 0.10270612438677006,
    "runtime_seconds": 11276.6
  },
  "sft": {
    "phase": "sft",
    "dataset": "both",
    "accuracy": 0.22946668776705176,
    "pass_at_k": 0.32505143218863747,
    "k": 4,
    "format_success": 0.7947460041145751,
    "avg_output_length": 113.43551194809305,
    "correct": 1450,
    "total": 6319,
    "reward_type": "binary",
    "avg_reward": 0.22946668776705176,
    "runtime_seconds": 17886.9
  },
  "grpo": {
    "phase": "grpo",
    "dataset": "both",
    "accuracy": 0.23342300996993195,
    "pass_at_k": 0.31508150023737935,
    "k": 4,
    "format_success": 0.7873081183731603,
    "avg_output_length": 114.19006171862637,
    "correct": 1475,
    "total": 6319,
    "reward_type": "binary",
    "avg_reward": 0.23342300996993195,
    "runtime_seconds": 18615.0
  }
}