{
  "phase": "grpo",
  "dataset": "gsm8k",
  "accuracy": 0.7293404094010614,
  "pass_at_k": 0.9037149355572404,
  "k": 4,
  "format_success": 0.9787717968157695,
  "avg_output_length": 108.6702047005307,
  "correct": 962,
  "total": 1319,
  "reward_type": "binary",
  "avg_reward": 0.7293404094010614,
  "runtime_seconds": 5005.2
}