{
  "phase": "grpo",
  "dataset": "both",
  "accuracy": 0.226618135780978,
  "pass_at_k": 0.31982908688083556,
  "k": 4,
  "format_success": 0.815160626681437,
  "avg_output_length": 117.33945244500713,
  "correct": 1432,
  "total": 6319,
  "reward_type": "format_bonus",
  "avg_reward": 0.30813419844909384,
  "runtime_seconds": 17477.2
}