{
  "phase": "sft",
  "dataset": "both",
  "accuracy": 0.3592340560215224,
  "pass_at_k": 0.4896344358284539,
  "k": 4,
  "format_success": 0.8089887640449438,
  "avg_output_length": 102.9895553093844,
  "correct": 2270,
  "total": 6319,
  "reward_type": "format_bonus",
  "avg_reward": 0.44013293242597434,
  "runtime_seconds": 22105.1
}