{
  "base": {
    "phase": "base",
    "dataset": "both",
    "accuracy": 0.206836524766577,
    "pass_at_k": 0.3324893179300522,
    "k": 4,
    "format_success": 0.27615128976103814,
    "avg_output_length": 152.00237379332174,
    "correct": 1307,
    "total": 6319,
    "reward_type": "format_bonus",
    "avg_reward": 0.23445165374267626
  },
  "sft": {
    "phase": "sft",
    "dataset": "both",
    "accuracy": 0.3557524924829878,
    "pass_at_k": 0.49485678113625575,
    "k": 4,
    "format_success": 0.8100965342617503,
    "avg_output_length": 103.47982275676532,
    "correct": 2248,
    "total": 6319,
    "reward_type": "format_bonus",
    "avg_reward": 0.4367621459091209
  },
  "grpo": {
    "phase": "grpo",
    "dataset": "both",
    "accuracy": 0.363506884000633,
    "pass_at_k": 0.49169172337395156,
    "k": 4,
    "format_success": 0.8161101440101282,
    "avg_output_length": 104.56923563855041,
    "correct": 2297,
    "total": 6319,
    "reward_type": "format_bonus",
    "avg_reward": 0.4451178984016028
  }
}