{
  "base": {
    "phase": "base",
    "dataset": "both",
    "accuracy": 0.20572875454977052,
    "pass_at_k": 0.3320145592657066,
    "k": 4,
    "format_success": 0.27868333597088146,
    "avg_output_length": 152.21791422693465,
    "correct": 1300,
    "total": 6319,
    "reward_type": "format_bonus",
    "avg_reward": 0.23359708814685418,
    "runtime_seconds": 14259.5
  },
  "sft": {
    "phase": "sft",
    "dataset": "both",
    "accuracy": 0.3592340560215224,
    "pass_at_k": 0.4896344358284539,
    "k": 4,
    "format_success": 0.8089887640449438,
    "avg_output_length": 102.9895553093844,
    "correct": 2270,
    "total": 6319,
    "reward_type": "format_bonus",
    "avg_reward": 0.44013293242597434,
    "runtime_seconds": 22105.1
  },
  "grpo": {
    "phase": "grpo",
    "dataset": "both",
    "accuracy": 0.35844279158094633,
    "pass_at_k": 0.4888431713878778,
    "k": 4,
    "format_success": 0.8124703275834784,
    "avg_output_length": 108.60642506725748,
    "correct": 2265,
    "total": 6319,
    "reward_type": "format_bonus",
    "avg_reward": 0.4396898243392522,
    "runtime_seconds": 21924.8
  }
}