{
  "phase": "base",
  "dataset": "gsm8k",
  "accuracy": 0.05079605761940864,
  "pass_at_k": 0.0758150113722517,
  "k": 4,
  "format_success": 0.1281273692191054,
  "avg_output_length": 151.8521607278241,
  "correct": 67,
  "total": 1319,
  "reward_type": "length_penalty",
  "avg_reward": -0.10105610310841547
}