{
  "phase": "grpo",
  "dataset": "gsm8k",
  "accuracy": 0.26004548900682334,
  "pass_at_k": 0.46853677028051555,
  "k": 4,
  "format_success": 0.9492039423805914,
  "avg_output_length": 49.08036391205459,
  "correct": 343,
  "total": 1319,
  "reward_type": "length_penalty",
  "avg_reward": 0.21096512509476922,
  "runtime_seconds": 1843.2
}