{
  "phase": "sft",
  "dataset": "gsm8k",
  "accuracy": 0.3078089461713419,
  "pass_at_k": 0.5163002274450341,
  "k": 4,
  "format_success": 0.9431387414708112,
  "avg_output_length": 112.82865807429872,
  "correct": 406,
  "total": 1319,
  "reward_type": "length_penalty",
  "avg_reward": 0.19498028809704346,
  "runtime_seconds": 2272.7
}