{
  "phase": "sft",
  "dataset": "gsm8k",
  "accuracy": 0.2941622441243366,
  "pass_at_k": 0.513267626990144,
  "k": 4,
  "format_success": 0.9469294920394238,
  "avg_output_length": 105.08567096285064,
  "correct": 388,
  "total": 1319,
  "reward_type": "length_penalty",
  "avg_reward": 0.18907657316148604
}