{
  "phase": "grpo",
  "dataset": "both",
  "accuracy": 0.3620826080075961,
  "pass_at_k": 0.4863111251780345,
  "k": 4,
  "format_success": 0.7988605792055705,
  "avg_output_length": 73.58490267447381,
  "correct": 2288,
  "total": 6319,
  "reward_type": "length_penalty",
  "avg_reward": 0.28849770533312286,
  "runtime_seconds": 21993.2
}