{
  "phase": "sft",
  "dataset": "both",
  "accuracy": 0.36034182623832883,
  "pass_at_k": 0.4909004589333755,
  "k": 4,
  "format_success": 0.8100965342617503,
  "avg_output_length": 102.69710397214749,
  "correct": 2277,
  "total": 6319,
  "reward_type": "length_penalty",
  "avg_reward": 0.25764472226618124,
  "runtime_seconds": 22164.7
}