{
  "phase": "sft",
  "dataset": "both",
  "accuracy": 0.3616078493432505,
  "pass_at_k": 0.48504510207311285,
  "k": 4,
  "format_success": 0.8126285804715936,
  "avg_output_length": 102.60911536635544,
  "correct": 2285,
  "total": 6319,
  "reward_type": "length_penalty",
  "avg_reward": 0.2589987339768945
}