{
  "base": {
    "phase": "base",
    "dataset": "both",
    "accuracy": 0.20572875454977052,
    "pass_at_k": 0.3320145592657066,
    "k": 4,
    "format_success": 0.27868333597088146,
    "avg_output_length": 152.21791422693465,
    "correct": 1300,
    "total": 6319,
    "reward_type": "length_penalty",
    "avg_reward": 0.05351084032283626,
    "runtime_seconds": 14297.5
  },
  "sft": {
    "phase": "sft",
    "dataset": "both",
    "accuracy": 0.36034182623832883,
    "pass_at_k": 0.4909004589333755,
    "k": 4,
    "format_success": 0.8100965342617503,
    "avg_output_length": 102.69710397214749,
    "correct": 2277,
    "total": 6319,
    "reward_type": "length_penalty",
    "avg_reward": 0.25764472226618124,
    "runtime_seconds": 22164.7
  },
  "grpo": {
    "phase": "grpo",
    "dataset": "both",
    "accuracy": 0.3620826080075961,
    "pass_at_k": 0.4863111251780345,
    "k": 4,
    "format_success": 0.7988605792055705,
    "avg_output_length": 73.58490267447381,
    "correct": 2288,
    "total": 6319,
    "reward_type": "length_penalty",
    "avg_reward": 0.28849770533312286,
    "runtime_seconds": 21993.2
  }
}