{
  "phase": "grpo",
  "dataset": "gsm8k",
  "accuracy": 0.5981804397270659,
  "pass_at_k": 0.8074298711144806,
  "k": 4,
  "format_success": 0.9727065959059894,
  "avg_output_length": 44.670204700530704,
  "correct": 789,
  "total": 1319,
  "reward_type": "length_penalty",
  "avg_reward": 0.5535102350265362,
  "runtime_seconds": 3306.5
}