{
  "base": {
    "phase": "base",
    "dataset": "gsm8k",
    "accuracy": 0.2350265352539803,
    "pass_at_k": 0.46019711902956784,
    "k": 4,
    "format_success": 0.2812736921910538,
    "avg_output_length": 122.73009855951479,
    "correct": 310,
    "total": 1319,
    "reward_type": "length_penalty",
    "avg_reward": 0.1122964366944656,
    "runtime_seconds": 2614.3
  },
  "sft": {
    "phase": "sft",
    "dataset": "gsm8k",
    "accuracy": 0.5921152388172858,
    "pass_at_k": 0.8036391205458681,
    "k": 4,
    "format_success": 0.9840788476118272,
    "avg_output_length": 49.27217589082638,
    "correct": 781,
    "total": 1319,
    "reward_type": "length_penalty",
    "avg_reward": 0.5428430629264593,
    "runtime_seconds": 3689.6
  },
  "grpo": {
    "phase": "grpo",
    "dataset": "gsm8k",
    "accuracy": 0.5981804397270659,
    "pass_at_k": 0.8074298711144806,
    "k": 4,
    "format_success": 0.9727065959059894,
    "avg_output_length": 44.670204700530704,
    "correct": 789,
    "total": 1319,
    "reward_type": "length_penalty",
    "avg_reward": 0.5535102350265362,
    "runtime_seconds": 3306.5
  }
}