{
  "base": {
    "phase": "base",
    "dataset": "both",
    "accuracy": 0.14954897926887165,
    "pass_at_k": 0.2574774489634436,
    "k": 4,
    "format_success": 0.1930685235005539,
    "avg_output_length": 144.8064567178351,
    "correct": 945,
    "total": 6319,
    "reward_type": "format_bonus",
    "avg_reward": 0.16885583161892928,
    "runtime_seconds": 12092.8
  },
  "sft": {
    "phase": "sft",
    "dataset": "both",
    "accuracy": 0.32505143218863747,
    "pass_at_k": 0.4749169172337395,
    "k": 4,
    "format_success": 0.7930052223453078,
    "avg_output_length": 94.62209210318089,
    "correct": 2054,
    "total": 6319,
    "reward_type": "format_bonus",
    "avg_reward": 0.40435195442312893,
    "runtime_seconds": 20740.8
  },
  "grpo": {
    "phase": "grpo",
    "dataset": "both",
    "accuracy": 0.342934008545656,
    "pass_at_k": 0.4842538376325368,
    "k": 4,
    "format_success": 0.7730653584427916,
    "avg_output_length": 103.72590599778447,
    "correct": 2167,
    "total": 6319,
    "reward_type": "format_bonus",
    "avg_reward": 0.42024054438989555,
    "runtime_seconds": 20703.0
  }
}