{
  "phase": "sft",
  "dataset": "both",
  "accuracy": 0.3590758031334072,
  "pass_at_k": 0.48678588384238014,
  "k": 4,
  "format_success": 0.808355752492483,
  "avg_output_length": 102.72954581421111,
  "correct": 2269,
  "total": 6319,
  "reward_type": "binary",
  "avg_reward": 0.3590758031334072,
  "runtime_seconds": 22748.1
}