{
  "base": {
    "phase": "base",
    "dataset": "both",
    "accuracy": 0.20572875454977052,
    "pass_at_k": 0.3320145592657066,
    "k": 4,
    "format_success": 0.27868333597088146,
    "avg_output_length": 152.21791422693465,
    "correct": 1300,
    "total": 6319,
    "reward_type": "binary",
    "avg_reward": 0.20572875454977052,
    "runtime_seconds": 14945.2
  },
  "sft": {
    "phase": "sft",
    "dataset": "both",
    "accuracy": 0.3590758031334072,
    "pass_at_k": 0.48678588384238014,
    "k": 4,
    "format_success": 0.808355752492483,
    "avg_output_length": 102.72954581421111,
    "correct": 2269,
    "total": 6319,
    "reward_type": "binary",
    "avg_reward": 0.3590758031334072,
    "runtime_seconds": 22748.1
  },
  "grpo": {
    "phase": "grpo",
    "dataset": "both",
    "accuracy": 0.3639816426649786,
    "pass_at_k": 0.48536160784934324,
    "k": 4,
    "format_success": 0.7987023263174553,
    "avg_output_length": 106.81389460357651,
    "correct": 2300,
    "total": 6319,
    "reward_type": "binary",
    "avg_reward": 0.3639816426649786,
    "runtime_seconds": 22730.1
  }
}