{
  "phase": "grpo",
  "dataset": "gsm8k",
  "accuracy": 0.7210007581501138,
  "pass_at_k": 0.8961334344200151,
  "k": 4,
  "format_success": 0.979529946929492,
  "avg_output_length": 106.91281273692191,
  "correct": 951,
  "total": 1319,
  "reward_type": "format_bonus",
  "avg_reward": 0.8189537528430731,
  "runtime_seconds": 4982.9
}