{
  "phase": "sft",
  "dataset": "gsm8k",
  "accuracy": 0.7225170583775588,
  "pass_at_k": 0.8855193328279,
  "k": 4,
  "format_success": 0.9613343442001516,
  "avg_output_length": 123.59666413949962,
  "correct": 953,
  "total": 1319,
  "reward_type": "format_bonus",
  "avg_reward": 0.8186504927975842,
  "runtime_seconds": 4981.8
}