{
  "base": {
    "phase": "base",
    "dataset": "gsm8k",
    "accuracy": 0.21304018195602728,
    "pass_at_k": 0.4935557240333586,
    "k": 4,
    "format_success": 0.26459438968915844,
    "avg_output_length": 162.6194086429113,
    "correct": 281,
    "total": 1319,
    "reward_type": "format_bonus",
    "avg_reward": 0.23949962092494348,
    "runtime_seconds": 4349.9
  },
  "sft": {
    "phase": "sft",
    "dataset": "gsm8k",
    "accuracy": 0.7225170583775588,
    "pass_at_k": 0.8855193328279,
    "k": 4,
    "format_success": 0.9613343442001516,
    "avg_output_length": 123.59666413949962,
    "correct": 953,
    "total": 1319,
    "reward_type": "format_bonus",
    "avg_reward": 0.8186504927975842,
    "runtime_seconds": 4981.8
  },
  "grpo": {
    "phase": "grpo",
    "dataset": "gsm8k",
    "accuracy": 0.7210007581501138,
    "pass_at_k": 0.8961334344200151,
    "k": 4,
    "format_success": 0.979529946929492,
    "avg_output_length": 106.91281273692191,
    "correct": 951,
    "total": 1319,
    "reward_type": "format_bonus",
    "avg_reward": 0.8189537528430731,
    "runtime_seconds": 4982.9
  }
}