{
  "phase": "sft",
  "dataset": "gsm8k",
  "accuracy": 0.46929492039423804,
  "pass_at_k": 0.6542835481425322,
  "k": 4,
  "format_success": 0.976497346474602,
  "avg_output_length": 130.4048521607278,
  "correct": 619,
  "total": 1319,
  "reward_type": "format_bonus",
  "avg_reward": 0.5669446550417112,
  "runtime_seconds": 3666.9
}