{
  "phase": "sft",
  "dataset": "both",
  "accuracy": 0.2245608482354803,
  "pass_at_k": 0.3241019148599462,
  "k": 4,
  "format_success": 0.7979110618768792,
  "avg_output_length": 113.81247032758348,
  "correct": 1419,
  "total": 6319,
  "reward_type": "format_bonus",
  "avg_reward": 0.304351954423141
}