{
  "phase": "grpo",
  "dataset": "gsm8k",
  "accuracy": 0.6580742987111448,
  "pass_at_k": 0.8362395754359363,
  "k": 4,
  "format_success": 0.978013646702047,
  "avg_output_length": 115.55724033358605,
  "correct": 868,
  "total": 1319,
  "reward_type": "binary",
  "avg_reward": 0.6580742987111448
}