{
  "phase": "grpo",
  "dataset": "gsm8k",
  "accuracy": 0.66565579984837,
  "pass_at_k": 0.8074298711144806,
  "k": 4,
  "format_success": 0.974981046247157,
  "avg_output_length": 127.50265352539803,
  "correct": 878,
  "total": 1319,
  "reward_type": "binary",
  "avg_reward": 0.66565579984837,
  "runtime_seconds": 4544.9
}