{
  "phase": "sft",
  "dataset": "gsm8k",
  "accuracy": 0.6163760424564063,
  "pass_at_k": 0.8089461713419257,
  "k": 4,
  "format_success": 0.9681576952236542,
  "avg_output_length": 115.88931008339651,
  "correct": 813,
  "total": 1319,
  "reward_type": "binary",
  "avg_reward": 0.6163760424564063,
  "runtime_seconds": 4775.6
}