{
  "base": {
    "phase": "base",
    "dataset": "gsm8k",
    "accuracy": 0.43214556482183475,
    "pass_at_k": 0.6497346474601972,
    "k": 4,
    "format_success": 0.5360121304018196,
    "avg_output_length": 175.9992418498863,
    "correct": 570,
    "total": 1319,
    "reward_type": "binary",
    "avg_reward": 0.43214556482183475,
    "runtime_seconds": 2960.8
  },
  "sft": {
    "phase": "sft",
    "dataset": "gsm8k",
    "accuracy": 0.6163760424564063,
    "pass_at_k": 0.8089461713419257,
    "k": 4,
    "format_success": 0.9681576952236542,
    "avg_output_length": 115.88931008339651,
    "correct": 813,
    "total": 1319,
    "reward_type": "binary",
    "avg_reward": 0.6163760424564063,
    "runtime_seconds": 4775.6
  },
  "grpo": {
    "phase": "grpo",
    "dataset": "gsm8k",
    "accuracy": 0.66565579984837,
    "pass_at_k": 0.8074298711144806,
    "k": 4,
    "format_success": 0.974981046247157,
    "avg_output_length": 127.50265352539803,
    "correct": 878,
    "total": 1319,
    "reward_type": "binary",
    "avg_reward": 0.66565579984837,
    "runtime_seconds": 4544.9
  }
}