{
  "phase": "grpo",
  "dataset": "both",
  "accuracy": 0.1663237854090837,
  "pass_at_k": 0.27805032441842065,
  "k": 4,
  "format_success": 0.7350846652951416,
  "avg_output_length": 80.98464946985283,
  "correct": 1051,
  "total": 6319,
  "reward_type": "length_penalty",
  "avg_reward": 0.0853391359392307,
  "runtime_seconds": 10790.7
}