{
  "phase": "base",
  "dataset": "both",
  "accuracy": 0.07627789207153031,
  "pass_at_k": 0.12027219496755816,
  "k": 4,
  "format_success": 0.21332489317930053,
  "avg_output_length": 143.13625573666718,
  "correct": 482,
  "total": 6319,
  "reward_type": "binary",
  "avg_reward": 0.07627789207153031,
  "runtime_seconds": 6976.1
}