{
  "phase": "grpo",
  "dataset": "both",
  "accuracy": 0.15176451970248456,
  "pass_at_k": 0.26269979427124546,
  "k": 4,
  "format_success": 0.634277575565754,
  "avg_output_length": 115.0582370628264,
  "correct": 959,
  "total": 6319,
  "reward_type": "binary",
  "avg_reward": 0.15176451970248456,
  "runtime_seconds": 10858.1
}