{
  "base": {
    "phase": "base",
    "dataset": "both",
    "accuracy": 0.07627789207153031,
    "pass_at_k": 0.12027219496755816,
    "k": 4,
    "format_success": 0.21332489317930053,
    "avg_output_length": 143.13625573666718,
    "correct": 482,
    "total": 6319,
    "reward_type": "binary",
    "avg_reward": 0.07627789207153031,
    "runtime_seconds": 6976.1
  },
  "sft": {
    "phase": "sft",
    "dataset": "both",
    "accuracy": 0.16474125652793165,
    "pass_at_k": 0.2905523025795221,
    "k": 4,
    "format_success": 0.7556575407501187,
    "avg_output_length": 114.16727330273777,
    "correct": 1041,
    "total": 6319,
    "reward_type": "binary",
    "avg_reward": 0.16474125652793165,
    "runtime_seconds": 10606.6
  },
  "grpo": {
    "phase": "grpo",
    "dataset": "both",
    "accuracy": 0.15176451970248456,
    "pass_at_k": 0.26269979427124546,
    "k": 4,
    "format_success": 0.634277575565754,
    "avg_output_length": 115.0582370628264,
    "correct": 959,
    "total": 6319,
    "reward_type": "binary",
    "avg_reward": 0.15176451970248456,
    "runtime_seconds": 10858.1
  }
}