{
  "phase": "grpo",
  "dataset": "both",
  "accuracy": 0.23484728596296883,
  "pass_at_k": 0.3109669251463839,
  "k": 4,
  "format_success": 0.7882576357018516,
  "avg_output_length": 102.03244184206362,
  "correct": 1484,
  "total": 6319,
  "reward_type": "length_penalty",
  "avg_reward": 0.1328148441209049,
  "runtime_seconds": 17743.2
}