{
  "phase": "sft",
  "dataset": "both",
  "accuracy": 0.22915018199082132,
  "pass_at_k": 0.31872131666402914,
  "k": 4,
  "format_success": 0.7963285329957271,
  "avg_output_length": 113.67368254470644,
  "correct": 1448,
  "total": 6319,
  "reward_type": "length_penalty",
  "avg_reward": 0.11547649944611499,
  "runtime_seconds": 17427.6
}