{
  "phase": "grpo",
  "dataset": "both",
  "accuracy": 0.3573350213641399,
  "pass_at_k": 0.4864693780661497,
  "k": 4,
  "format_success": 0.7691090362399113,
  "avg_output_length": 97.74363032125336,
  "correct": 2258,
  "total": 6319,
  "reward_type": "binary",
  "avg_reward": 0.3573350213641399,
  "runtime_seconds": 17720.0
}