{
  "phase": "sft",
  "dataset": "both",
  "accuracy": 0.33043203038455454,
  "pass_at_k": 0.4802975154296566,
  "k": 4,
  "format_success": 0.7907896819116949,
  "avg_output_length": 94.42949833834467,
  "correct": 2088,
  "total": 6319,
  "reward_type": "binary",
  "avg_reward": 0.33043203038455454,
  "runtime_seconds": 17486.7
}