{
  "base": {
    "phase": "base",
    "dataset": "both",
    "accuracy": 0.1462256686184523,
    "pass_at_k": 0.2511473334388353,
    "k": 4,
    "format_success": 0.19069473017882577,
    "avg_output_length": 144.9427124545023,
    "correct": 924,
    "total": 6319,
    "reward_type": "binary",
    "avg_reward": 0.1462256686184523,
    "runtime_seconds": 11030.0
  },
  "sft": {
    "phase": "sft",
    "dataset": "both",
    "accuracy": 0.33043203038455454,
    "pass_at_k": 0.4802975154296566,
    "k": 4,
    "format_success": 0.7907896819116949,
    "avg_output_length": 94.42949833834467,
    "correct": 2088,
    "total": 6319,
    "reward_type": "binary",
    "avg_reward": 0.33043203038455454,
    "runtime_seconds": 17486.7
  },
  "grpo": {
    "phase": "grpo",
    "dataset": "both",
    "accuracy": 0.3573350213641399,
    "pass_at_k": 0.4864693780661497,
    "k": 4,
    "format_success": 0.7691090362399113,
    "avg_output_length": 97.74363032125336,
    "correct": 2258,
    "total": 6319,
    "reward_type": "binary",
    "avg_reward": 0.3573350213641399,
    "runtime_seconds": 17720.0
  }
}