{
  "phase": "grpo",
  "dataset": "gsm8k",
  "accuracy": 0.6383623957543594,
  "pass_at_k": 0.8089461713419257,
  "k": 4,
  "format_success": 0.9787717968157695,
  "avg_output_length": 100.54965883244883,
  "correct": 842,
  "total": 1319,
  "reward_type": "length_penalty",
  "avg_reward": 0.537812736921911,
  "runtime_seconds": 4449.7
}