{
  "base": {
    "phase": "base",
    "dataset": "gsm8k",
    "accuracy": 0.43214556482183475,
    "pass_at_k": 0.6497346474601972,
    "k": 4,
    "format_success": 0.5360121304018196,
    "avg_output_length": 175.9992418498863,
    "correct": 570,
    "total": 1319,
    "reward_type": "length_penalty",
    "avg_reward": 0.25614632297194884,
    "runtime_seconds": 2918.6
  },
  "sft": {
    "phase": "sft",
    "dataset": "gsm8k",
    "accuracy": 0.623199393479909,
    "pass_at_k": 0.8119787717968158,
    "k": 4,
    "format_success": 0.9719484457922669,
    "avg_output_length": 115.92494313874147,
    "correct": 822,
    "total": 1319,
    "reward_type": "length_penalty",
    "avg_reward": 0.5072744503411661,
    "runtime_seconds": 4511.5
  },
  "grpo": {
    "phase": "grpo",
    "dataset": "gsm8k",
    "accuracy": 0.6383623957543594,
    "pass_at_k": 0.8089461713419257,
    "k": 4,
    "format_success": 0.9787717968157695,
    "avg_output_length": 100.54965883244883,
    "correct": 842,
    "total": 1319,
    "reward_type": "length_penalty",
    "avg_reward": 0.537812736921911,
    "runtime_seconds": 4449.7
  }
}