{
  "phase": "grpo",
  "dataset": "gsm8k",
  "accuracy": 0.7263078089461713,
  "pass_at_k": 0.890068233510235,
  "k": 4,
  "format_success": 0.976497346474602,
  "avg_output_length": 86.65428354814253,
  "correct": 958,
  "total": 1319,
  "reward_type": "length_penalty",
  "avg_reward": 0.6396535253980282,
  "runtime_seconds": 4997.0
}