{
  "base": {
    "phase": "base",
    "dataset": "gsm8k",
    "accuracy": 0.21304018195602728,
    "pass_at_k": 0.4935557240333586,
    "k": 4,
    "format_success": 0.26459438968915844,
    "avg_output_length": 162.6194086429113,
    "correct": 281,
    "total": 1319,
    "reward_type": "length_penalty",
    "avg_reward": 0.05042077331311601,
    "runtime_seconds": 4356.5
  },
  "sft": {
    "phase": "sft",
    "dataset": "gsm8k",
    "accuracy": 0.7187263078089462,
    "pass_at_k": 0.8847611827141774,
    "k": 4,
    "format_success": 0.9704321455648218,
    "avg_output_length": 123.38210765731615,
    "correct": 948,
    "total": 1319,
    "reward_type": "length_penalty",
    "avg_reward": 0.5953442001516295,
    "runtime_seconds": 4987.0
  },
  "grpo": {
    "phase": "grpo",
    "dataset": "gsm8k",
    "accuracy": 0.7263078089461713,
    "pass_at_k": 0.890068233510235,
    "k": 4,
    "format_success": 0.976497346474602,
    "avg_output_length": 86.65428354814253,
    "correct": 958,
    "total": 1319,
    "reward_type": "length_penalty",
    "avg_reward": 0.6396535253980282,
    "runtime_seconds": 4997.0
  }
}