{
  "phase": "base",
  "dataset": "gsm8k",
  "accuracy": 0.16679302501895377,
  "pass_at_k": 0.2403335860500379,
  "k": 4,
  "format_success": 0.23351023502653526,
  "avg_output_length": 165.6732373009856,
  "correct": 220,
  "total": 1319,
  "reward_type": "length_penalty",
  "avg_reward": 0.0011197877179681675,
  "runtime_seconds": 2325.3
}