{
  "phase": "grpo",
  "dataset": "gsm8k",
  "accuracy": 0.4533737680060652,
  "pass_at_k": 0.6709628506444276,
  "k": 4,
  "format_success": 0.9893858984078847,
  "avg_output_length": 49.89689158453374,
  "correct": 598,
  "total": 1319,
  "reward_type": "length_penalty",
  "avg_reward": 0.40347687642153207,
  "runtime_seconds": 3783.5
}