{
  "base": {
    "phase": "base",
    "dataset": "gsm8k",
    "accuracy": 0.16679302501895377,
    "pass_at_k": 0.2403335860500379,
    "k": 4,
    "format_success": 0.23351023502653526,
    "avg_output_length": 165.6732373009856,
    "correct": 220,
    "total": 1319,
    "reward_type": "length_penalty",
    "avg_reward": 0.0011197877179681675,
    "runtime_seconds": 2325.3
  },
  "sft": {
    "phase": "sft",
    "dataset": "gsm8k",
    "accuracy": 0.47536012130401817,
    "pass_at_k": 0.6739954510993177,
    "k": 4,
    "format_success": 0.9810462471569371,
    "avg_output_length": 131.30401819560274,
    "correct": 627,
    "total": 1319,
    "reward_type": "length_penalty",
    "avg_reward": 0.34405610310841567,
    "runtime_seconds": 3753.9
  },
  "grpo": {
    "phase": "grpo",
    "dataset": "gsm8k",
    "accuracy": 0.4533737680060652,
    "pass_at_k": 0.6709628506444276,
    "k": 4,
    "format_success": 0.9893858984078847,
    "avg_output_length": 49.89689158453374,
    "correct": 598,
    "total": 1319,
    "reward_type": "length_penalty",
    "avg_reward": 0.40347687642153207,
    "runtime_seconds": 3783.5
  }
}