{
  "phase": "grpo",
  "dataset": "gsm8k",
  "accuracy": 0.4609552691432904,
  "pass_at_k": 0.6520090978013646,
  "k": 4,
  "format_success": 0.9772554965883244,
  "avg_output_length": 130.07505686125853,
  "correct": 608,
  "total": 1319,
  "reward_type": "binary",
  "avg_reward": 0.4609552691432904,
  "runtime_seconds": 3787.5
}