{
  "phase": "base",
  "dataset": "gsm8k",
  "accuracy": 0.05534495830174375,
  "pass_at_k": 0.0887035633055345,
  "k": 4,
  "format_success": 0.12130401819560273,
  "avg_output_length": 151.15693707354055,
  "correct": 73,
  "total": 1319,
  "reward_type": "binary",
  "avg_reward": 0.05534495830174375,
  "runtime_seconds": 1462.4
}