{
  "phase": "sft",
  "dataset": "gsm8k",
  "accuracy": 0.30477634571645185,
  "pass_at_k": 0.49052312357846856,
  "k": 4,
  "format_success": 0.9446550416982562,
  "avg_output_length": 112.12509476876421,
  "correct": 402,
  "total": 1319,
  "reward_type": "binary",
  "avg_reward": 0.30477634571645185,
  "runtime_seconds": 2311.9
}