{
  "base": {
    "phase": "base",
    "dataset": "gsm8k",
    "accuracy": 0.05534495830174375,
    "pass_at_k": 0.0887035633055345,
    "k": 4,
    "format_success": 0.12130401819560273,
    "avg_output_length": 151.15693707354055,
    "correct": 73,
    "total": 1319,
    "reward_type": "binary",
    "avg_reward": 0.05534495830174375,
    "runtime_seconds": 1462.4
  },
  "sft": {
    "phase": "sft",
    "dataset": "gsm8k",
    "accuracy": 0.30477634571645185,
    "pass_at_k": 0.49052312357846856,
    "k": 4,
    "format_success": 0.9446550416982562,
    "avg_output_length": 112.12509476876421,
    "correct": 402,
    "total": 1319,
    "reward_type": "binary",
    "avg_reward": 0.30477634571645185,
    "runtime_seconds": 2311.9
  },
  "grpo": {
    "phase": "grpo",
    "dataset": "gsm8k",
    "accuracy": 0.22289613343442002,
    "pass_at_k": 0.4275966641394996,
    "k": 4,
    "format_success": 0.7467778620166793,
    "avg_output_length": 139.18802122820318,
    "correct": 294,
    "total": 1319,
    "reward_type": "binary",
    "avg_reward": 0.22289613343442002,
    "runtime_seconds": 2305.4
  }
}