{
  "base": {
    "phase": "base",
    "dataset": "gsm8k",
    "accuracy": 0.05155420773313116,
    "pass_at_k": 0.08718726307808947,
    "k": 4,
    "format_success": 0.12282031842304776,
    "avg_output_length": 151.0811220621683,
    "correct": 68,
    "total": 1319,
    "reward_type": "binary",
    "avg_reward": 0.05155420773313116
  },
  "sft": {
    "phase": "sft",
    "dataset": "gsm8k",
    "accuracy": 0.3009855951478393,
    "pass_at_k": 0.49507202426080366,
    "k": 4,
    "format_success": 0.9408642911296436,
    "avg_output_length": 107.8218347232752,
    "correct": 397,
    "total": 1319,
    "reward_type": "binary",
    "avg_reward": 0.3009855951478393
  },
  "grpo": {
    "phase": "grpo",
    "dataset": "gsm8k",
    "accuracy": 0.25246398786959817,
    "pass_at_k": 0.44200151630022744,
    "k": 4,
    "format_success": 0.8256254738438211,
    "avg_output_length": 124.76952236542836,
    "correct": 333,
    "total": 1319,
    "reward_type": "binary",
    "avg_reward": 0.25246398786959817
  }
}