{
  "phase": "grpo",
  "dataset": "gsm8k",
  "accuracy": 0.6489764973464746,
  "pass_at_k": 0.8309325246398787,
  "k": 4,
  "format_success": 0.9666413949962093,
  "avg_output_length": 61.482941622441245,
  "correct": 856,
  "total": 1319,
  "reward_type": "format_bonus",
  "avg_reward": 0.7456406368461105,
  "runtime_seconds": 3092.2
}