{
  "phase": "grpo",
  "dataset": "gsm8k",
  "accuracy": 0.6573161485974223,
  "pass_at_k": 0.8256254738438211,
  "k": 4,
  "format_success": 0.9704321455648218,
  "avg_output_length": 126.74450341167551,
  "correct": 867,
  "total": 1319,
  "reward_type": "format_bonus",
  "avg_reward": 0.75435936315392,
  "runtime_seconds": 4809.4
}