{
  "phase": "sft",
  "dataset": "gsm8k",
  "accuracy": 0.623199393479909,
  "pass_at_k": 0.8081880212282032,
  "k": 4,
  "format_success": 0.9734647460197119,
  "avg_output_length": 116.93707354056103,
  "correct": 822,
  "total": 1319,
  "reward_type": "format_bonus",
  "avg_reward": 0.7205458680818956,
  "runtime_seconds": 4683.0
}