{
  "base": {
    "phase": "base",
    "dataset": "gsm8k",
    "accuracy": 0.43214556482183475,
    "pass_at_k": 0.6497346474601972,
    "k": 4,
    "format_success": 0.5360121304018196,
    "avg_output_length": 175.9992418498863,
    "correct": 570,
    "total": 1319,
    "reward_type": "format_bonus",
    "avg_reward": 0.4857467778620231,
    "runtime_seconds": 3069.7
  },
  "sft": {
    "phase": "sft",
    "dataset": "gsm8k",
    "accuracy": 0.623199393479909,
    "pass_at_k": 0.8081880212282032,
    "k": 4,
    "format_success": 0.9734647460197119,
    "avg_output_length": 116.93707354056103,
    "correct": 822,
    "total": 1319,
    "reward_type": "format_bonus",
    "avg_reward": 0.7205458680818956,
    "runtime_seconds": 4683.0
  },
  "grpo": {
    "phase": "grpo",
    "dataset": "gsm8k",
    "accuracy": 0.6573161485974223,
    "pass_at_k": 0.8256254738438211,
    "k": 4,
    "format_success": 0.9704321455648218,
    "avg_output_length": 126.74450341167551,
    "correct": 867,
    "total": 1319,
    "reward_type": "format_bonus",
    "avg_reward": 0.75435936315392,
    "runtime_seconds": 4809.4
  }
}