{
  "phase": "sft",
  "dataset": "both",
  "accuracy": 0.33343883525874346,
  "pass_at_k": 0.48330432030384557,
  "k": 4,
  "format_success": 0.7982275676531096,
  "avg_output_length": 94.97436303212534,
  "correct": 2107,
  "total": 6319,
  "reward_type": "length_penalty",
  "avg_reward": 0.23846447222661693,
  "runtime_seconds": 19395.7
}