{
  "base": {
    "phase": "base",
    "dataset": "both",
    "accuracy": 0.1462256686184523,
    "pass_at_k": 0.2511473334388353,
    "k": 4,
    "format_success": 0.19069473017882577,
    "avg_output_length": 144.9427124545023,
    "correct": 924,
    "total": 6319,
    "reward_type": "length_penalty",
    "avg_reward": 0.0012829561639499901,
    "runtime_seconds": 11908.8
  },
  "sft": {
    "phase": "sft",
    "dataset": "both",
    "accuracy": 0.33343883525874346,
    "pass_at_k": 0.48330432030384557,
    "k": 4,
    "format_success": 0.7982275676531096,
    "avg_output_length": 94.97436303212534,
    "correct": 2107,
    "total": 6319,
    "reward_type": "length_penalty",
    "avg_reward": 0.23846447222661693,
    "runtime_seconds": 19395.7
  },
  "grpo": {
    "phase": "grpo",
    "dataset": "both",
    "accuracy": 0.3313815477132458,
    "pass_at_k": 0.47697420477923724,
    "k": 4,
    "format_success": 0.7646779553726856,
    "avg_output_length": 88.66529514163634,
    "correct": 2094,
    "total": 6319,
    "reward_type": "length_penalty",
    "avg_reward": 0.2427162525716103,
    "runtime_seconds": 19254.9
  }
}