{
  "phase": "base",
  "dataset": "gsm8k",
  "accuracy": 0.04927975739196361,
  "pass_at_k": 0.09173616376042457,
  "k": 4,
  "format_success": 0.1106899166034875,
  "avg_output_length": 151.37831690674753,
  "correct": 65,
  "total": 1319,
  "reward_type": "format_bonus",
  "avg_reward": 0.060348749052312335
}