{
  "phase": "grpo",
  "dataset": "gsm8k",
  "accuracy": 0.2759666413949962,
  "pass_at_k": 0.47763457164518575,
  "k": 4,
  "format_success": 0.8741470811220622,
  "avg_output_length": 117.93555724033358,
  "correct": 364,
  "total": 1319,
  "reward_type": "format_bonus",
  "avg_reward": 0.36338134950720974,
  "runtime_seconds": 2224.7
}