{
  "base": {
    "phase": "base",
    "dataset": "gsm8k",
    "accuracy": 0.04927975739196361,
    "pass_at_k": 0.09173616376042457,
    "k": 4,
    "format_success": 0.1106899166034875,
    "avg_output_length": 151.37831690674753,
    "correct": 65,
    "total": 1319,
    "reward_type": "format_bonus",
    "avg_reward": 0.060348749052312335
  },
  "sft": {
    "phase": "sft",
    "dataset": "gsm8k",
    "accuracy": 0.3017437452615618,
    "pass_at_k": 0.4935557240333586,
    "k": 4,
    "format_success": 0.9499620924943138,
    "avg_output_length": 111.1986353297953,
    "correct": 398,
    "total": 1319,
    "reward_type": "format_bonus",
    "avg_reward": 0.3967399545110023
  },
  "grpo": {
    "phase": "grpo",
    "dataset": "gsm8k",
    "accuracy": 0.26156178923426837,
    "pass_at_k": 0.4488248673237301,
    "k": 4,
    "format_success": 0.8718726307808946,
    "avg_output_length": 140.4215314632297,
    "correct": 345,
    "total": 1319,
    "reward_type": "format_bonus",
    "avg_reward": 0.348749052312365
  }
}