{
  "phase": "sft",
  "dataset": "both",
  "accuracy": 0.23263174552935592,
  "pass_at_k": 0.32473492641240703,
  "k": 4,
  "format_success": 0.7996518436461465,
  "avg_output_length": 113.56591232789998,
  "correct": 1470,
  "total": 6319,
  "reward_type": "length_penalty",
  "avg_reward": 0.11906583320145575
}