{
  "phase": "grpo",
  "dataset": "gsm8k",
  "accuracy": 0.6338134950720242,
  "pass_at_k": 0.8362395754359363,
  "k": 4,
  "format_success": 0.9529946929492039,
  "avg_output_length": 61.965125094768766,
  "correct": 836,
  "total": 1319,
  "reward_type": "binary",
  "avg_reward": 0.6338134950720242,
  "runtime_seconds": 2598.9
}