{
  "phase": "sft",
  "dataset": "gsm8k",
  "accuracy": 0.579226686884003,
  "pass_at_k": 0.7937831690674754,
  "k": 4,
  "format_success": 0.9863532979529946,
  "avg_output_length": 50.181197877179684,
  "correct": 764,
  "total": 1319,
  "reward_type": "binary",
  "avg_reward": 0.579226686884003,
  "runtime_seconds": 2778.5
}