{
  "base": {
    "phase": "base",
    "dataset": "gsm8k",
    "accuracy": 0.244882486732373,
    "pass_at_k": 0.47308567096285065,
    "k": 4,
    "format_success": 0.2934040940106141,
    "avg_output_length": 123.84988627748294,
    "correct": 323,
    "total": 1319,
    "reward_type": "binary",
    "avg_reward": 0.244882486732373,
    "runtime_seconds": 1847.6
  },
  "sft": {
    "phase": "sft",
    "dataset": "gsm8k",
    "accuracy": 0.579226686884003,
    "pass_at_k": 0.7937831690674754,
    "k": 4,
    "format_success": 0.9863532979529946,
    "avg_output_length": 50.181197877179684,
    "correct": 764,
    "total": 1319,
    "reward_type": "binary",
    "avg_reward": 0.579226686884003,
    "runtime_seconds": 2778.5
  },
  "grpo": {
    "phase": "grpo",
    "dataset": "gsm8k",
    "accuracy": 0.6338134950720242,
    "pass_at_k": 0.8362395754359363,
    "k": 4,
    "format_success": 0.9529946929492039,
    "avg_output_length": 61.965125094768766,
    "correct": 836,
    "total": 1319,
    "reward_type": "binary",
    "avg_reward": 0.6338134950720242,
    "runtime_seconds": 2598.9
  }
}